Workbook

Sheet Sheet1
A1: SrNO | B1: Name | C1: Surname | F1: FullName | H1: FullName
A2: 1 | B2: Kaushal | C2: Bangar | F2: =_xlfn.CONCAT(B2,C2) -> KaushalBangar | H2: =_xlfn.CONCAT(B2,", ",C2) -> Kaushal, Bangar
A3: 2 | B3: Soham | C3: Dongare | F3: FullName | H3: =_xlfn.CONCAT(B3,", ",C3) -> Soham , Dongare
A4: 3 | B4: Dipak | C4: Lote | F4: =_xlfn.CONCAT(B4,C4) -> Dipak Lote | H4: =_xlfn.CONCAT(B4,", ",C4) -> Dipak , Lote
A5: 4 | B5: Additya | C5: Mahalunge | F5: FullName | H5: =_xlfn.CONCAT(B5,", ",C5) -> Additya, Mahalunge
A6: 5 | B6: Vivek | C6: More | F6: =_xlfn.CONCAT(B6,C6) -> Vivek More | H6: =_xlfn.CONCAT(B6,", ",C6) -> Vivek , More

Sheet String F
A1: FullName | B1: Name | C1: Surname | D1: Len | E1: Find
A2: =TRIM(_xlfn.CONCAT(Sheet1!B2,",", Sheet1!C2)) -> Kaushal,Bangar | B2: =LEFT(A2,E2-1) -> Kaushal | C2: =RIGHT(A2,D2-E2) -> Bangar | D2: =LEN(A2) -> 14 | E2: =FIND(",",A2) -> 8
A3: =TRIM(_xlfn.CONCAT(Sheet1!B3,",", Sheet1!C3)) -> Soham ,Dongare | B3: =LEFT(A3,E3-1) -> Soham | C3: =RIGHT(A3,D3-E3) -> Dongare | D3: =LEN(A3) -> 14 | E3: =FIND(",",A3) -> 7
A4: =TRIM(_xlfn.CONCAT(Sheet1!B4,",", Sheet1!C4)) -> Dipak ,Lote | B4: =LEFT(A4,E4-1) -> Dipak | C4: =RIGHT(A4,D4-E4) -> Lote | D4: =LEN(A4) -> 11 | E4: =FIND(",",A4) -> 7
A5: =TRIM(_xlfn.CONCAT(Sheet1!B5,",", Sheet1!C5)) -> Additya,Mahalunge | B5: =LEFT(A5,E5-1) -> Additya | C5: =RIGHT(A5,D5-E5) -> Mahalunge | D5: =LEN(A5) -> 17 | E5: =FIND(",",A5) -> 8
A6: =TRIM(_xlfn.CONCAT(Sheet1!B6,",", Sheet1!C6)) -> Vivek ,More | B6: =LEFT(A6,E6-1) -> Vivek | C6: =RIGHT(A6,D6-E6) -> More | D6: =LEN(A6) -> 11 | E6: =FIND(",",A6) -> 7
A8: FullName | B8: Flash Fill | D8: Upper | E8: Lower | F8: Proper
B9: name | C9: Surname
A10: Kaushal,Bangar | B10: =B2 -> Kaushal | C10: =C2 -> Bangar | D10: =UPPER(B10) -> KAUSHAL | E10: =LOWER(C10) -> bangar | F10: =PROPER(A10) -> Kaushal,Bangar
A11: Soham ,Dongare | B11: =B3 -> Soham | C11: =C3 -> Dongare | D11: =UPPER(B11) -> SOHAM | E11: =LOWER(C11) -> dongare | F11: =PROPER(A11) -> Soham ,Dongare
A12: Dipak ,Lote | B12: =B4 -> Dipak | C12: =C4 -> Lote | D12: =UPPER(B12) -> DIPAK | E12: =LOWER(C12) -> lote | F12: =PROPER(A12) -> Dipak ,Lote
A13: Additya,Mahalunge | B13: =B5 -> Additya | C13: =C5 -> Mahalunge | D13: =UPPER(B13) -> ADDITYA | E13: =LOWER(C13) -> mahalunge | F13: =PROPER(A13) -> Additya,Mahalunge
A14: Vivek ,More | B14: =B6 -> Vivek | C14: =C6 -> More | D14: =UPPER(B14) -> VIVEK | E14: =LOWER(C14) -> more | F14: =PROPER(A14) -> Vivek ,More

Sheet Sheet3
A1: Full Name | B1: Upper | C1: Lower | D1: Proper
A2: =TRIM(_xlfn.CONCAT(Sheet1!B2,",", Sheet1!C2)) -> Kaushal,Bangar | B2: =UPPER(A2) -> KAUSHAL,BANGAR | C2: =LOWER(A2) -> kaushal,bangar | D2: =PROPER(B2) -> Kaushal,Bangar
A3: =TRIM(_xlfn.CONCAT(Sheet1!B3,",", Sheet1!C3)) -> Soham ,Dongare | B3: =UPPER(A3) -> SOHAM ,DONGARE | C3: =LOWER(A3) -> soham ,dongare
A4: =TRIM(_xlfn.CONCAT(Sheet1!B4,",", Sheet1!C4)) -> Dipak ,Lote | B4: =UPPER(A4) -> DIPAK ,LOTE | C4: =LOWER(A4) -> dipak ,lote
A5: =TRIM(_xlfn.CONCAT(Sheet1!B5,",", Sheet1!C5)) -> Additya,Mahalunge | B5: =UPPER(A5) -> ADDITYA,MAHALUNGE | C5: =LOWER(A5) -> additya,mahalunge
A6: =TRIM(_xlfn.CONCAT(Sheet1!B6,",", Sheet1!C6)) -> Vivek ,More | B6: =UPPER(A6) -> VIVEK ,MORE | C6: =LOWER(A6) -> vivek ,more

Sheet Sheet4

Sheet Q1
A1: Full Name | B1: Q1
B2: january | C2: february | D2: march
A3: Kaushal,Bangar | B3: 155468 | C3: 155468 | D3: 155468
A4: Soham ,Dongare | B4: 57468 | C4: 57468 | D4: 57468
A5: Dipak ,Lote | B5: 155468 | C5: 155468 | D5: 155468
A6: Additya,Mahalunge | B6: 55465 | C6: 55465 | D6: 55465
A7: Vivek ,More | B7: 87148 | C7: 87148 | D7: 87148

Sheet Q2
A1: Full Name | B1: Q2
B2: april | C2: may | D2: june
A3: Kaushal,Bangar | B3: 155468 | C3: 155468 | D3: 155468
A4: Soham ,Dongare | B4: 57468 | C4: 57468 | D4: 57468
A5: Dipak ,Lote | B5: 155468 | C5: 155468 | D5: 155468
A6: Additya,Mahalunge | B6: 55465 | C6: 55465 | D6: 55465
A7: Vivek ,More | B7: 87148 | C7: 87148 | D7: 87148

Sheet Q3
A1: Full Name | B1: Q3
B2: july | C2: august | D2: september
A3: Kaushal,Bangar | B3: 155468 | C3: 155468 | D3: 155468
A4: Soham ,Dongare | B4: 57468 | C4: 57468 | D4: 57468
A5: Dipak ,Lote | B5: 155468 | C5: 155468 | D5: 155468
A6: Additya,Mahalunge | B6: 55465 | C6: 55465 | D6: 55465
A7: Vivek ,More | B7: 87148 | C7: 87148 | D7: 87148

Sheet Q4
A1: Full Name | B1: Q4
B2: october | C2: november | D2: december
A3: Kaushal,Bangar | B3: 155468 | C3: 155468 | D3: 155468
A4: Soham ,Dongare | B4: 57468 | C4: 57468 | D4: 57468
A5: Dipak ,Lote | B5: 155468 | C5: 155468 | D5: 155468
A6: Additya,Mahalunge | B6: 55465 | C6: 55465 | D6: 55465
A7: Vivek ,More | B7: 87148 | C7: 87148 | D7: 87148

Sheet Total
A1: Full Name | B1: Q4
B2: 1st Month of all q | C2: 2nd Month of all q | D2: 3rd Month of all q
A3: Kaushal,Bangar
A4: Soham ,Dongare
A5: Dipak ,Lote
A6: Additya,Mahalunge
A7: Vivek ,More
