Workbook

Sheet City_and_State
D3: City | E3: State
D4: Mumbai | E4: Maharashtra
D5: Udaipur | E5: Rajasthan
D6: Lucknow | E6: UP
D7: Surat | E7: Gujrat
D8: Banaras | E8: UP
D9: Indore | E9: MP
D10: Pune | E10: Maharashtra
D11: Bhopal | E11: MP
D12: Jyotpur | E12: Rajasthan
D13: Ahmdabaad | E13: Gujrat
D14: Gorakhpur | E14: UP

Sheet VlookUp
A2: Name | B2: Age | C2: Salary | D2: TDS 3% | E2: Pass Out Year | F2: City | G2: State
A3: Ramesh | B3: 21 | C3: 25800 | E3: 2016 | F3: Mumbai | G3: =_xlfn.XLOOKUP(F3,City_and_State!$D$4:$D$14,City_and_State!$E$4:$E$14,0) -> Maharashtra | J3: Select the entire range or dataset and Name it as a "Employee" from Name Box.
A4: Mahesh | B4: 43 | C4: 73000 | E4: 2014 | F4: Udaipur | G4: =_xlfn.XLOOKUP(F4,City_and_State!$D$4:$D$14,City_and_State!$E$4:$E$14,0) -> Rajasthan | J4: Remove the blank columns at once.
A5: Suresh | B5: 32 | C5: 54999 | E5: 2016 | F5: Lucknow | G5: =_xlfn.XLOOKUP(F5,City_and_State!$D$4:$D$14,City_and_State!$E$4:$E$14,0) -> UP | J5: Make the headers as bold and also make the background light blue.
A6: Jayesh | B6: 24 | C6: 45969 | E6: 2017 | F6: Surat | G6: =_xlfn.XLOOKUP(F6,City_and_State!$D$4:$D$14,City_and_State!$E$4:$E$14,0) -> Gujrat | J6: Give a border to the dataset ( or range).
A7: Jitesh | B7: 43 | C7: 65999 | E7: 2014 | F7: Banaras | G7: =_xlfn.XLOOKUP(F7,City_and_State!$D$4:$D$14,City_and_State!$E$4:$E$14,0) -> UP | J7: Change the font size of headers at once to 16.
A8: Gitesh | B8: 34 | C8: 85000 | E8: 2016 | F8: Indore | G8: =_xlfn.XLOOKUP(F8,City_and_State!$D$4:$D$14,City_and_State!$E$4:$E$14,0) -> MP | J8: Change the Data to there respected data-type of each column. (e.g. Name is should be "Text")
A9: kamlesh | B9: 32 | C9: 55869 | E9: 2016 | F9: Mumbai | G9: =_xlfn.XLOOKUP(F9,City_and_State!$D$4:$D$14,City_and_State!$E$4:$E$14,0) -> Maharashtra | K9: Column | L9: Data Type
A10: Hitesh | B10: 43 | C10: 58399 | E10: 2014 | F10: Pune | G10: =_xlfn.XLOOKUP(F10,City_and_State!$D$4:$D$14,City_and_State!$E$4:$E$14,0) -> Maharashtra | K10: Name | L10: Text
A11: Jay | B11: 23 | C11: 45858 | E11: 2019 | F11: Bhopal | G11: =_xlfn.XLOOKUP(F11,City_and_State!$D$4:$D$14,City_and_State!$E$4:$E$14,0) -> MP | K11: Age | L11: Number | M11: (* with no decimal values)
A12: ajay | B12: 25 | C12: 46899 | E12: 2019 | F12: Indore | G12: =_xlfn.XLOOKUP(F12,City_and_State!$D$4:$D$14,City_and_State!$E$4:$E$14,0) -> MP | K12: Salary | L12: Accounts
A13: Rajesh | B13: 28 | C13: 23500 | E13: 2016 | F13: Jyotpur | G13: =_xlfn.XLOOKUP(F13,City_and_State!$D$4:$D$14,City_and_State!$E$4:$E$14,0) -> Rajasthan | K13: City | L13: Text
A14: Sujay | B14: 32 | C14: 38000 | E14: 2014 | F14: Ahmdabaad | G14: =_xlfn.XLOOKUP(F14,City_and_State!$D$4:$D$14,City_and_State!$E$4:$E$14,0) -> Gujrat | K14: State | L14: Text
A15: Sanjay | B15: 43 | C15: 28500 | E15: 2019 | F15: Surat | G15: =_xlfn.XLOOKUP(F15,City_and_State!$D$4:$D$14,City_and_State!$E$4:$E$14,0) -> Gujrat
A16: Dhananjay | B16: 20 | C16: 48800 | E16: 2019 | F16: Gorakhpur | G16: =_xlfn.XLOOKUP(F16,City_and_State!$D$4:$D$14,City_and_State!$E$4:$E$14,0) -> UP | J16: Highlight the entire rows whose age is less then 30 in red color.
A17: Nirjay | B17: 37 | C17: 57300 | E17: 2014 | F17: Pune | G17: =_xlfn.XLOOKUP(F17,City_and_State!$D$4:$D$14,City_and_State!$E$4:$E$14,0) -> Maharashtra | J17: Find the TDS 3% of salary for each person.
A18: Rohan | B18: 19 | C18: 25000 | E18: 2015 | F18: Mizoram | G18: =_xlfn.XLOOKUP(F18,City_and_State!$D$4:$D$14,City_and_State!$E$4:$E$14,0) -> 0
J20: Use the City_and_State sheet and fill the Sate column of current sheet using lookup.
J21: Handle the N/A or any other error if occure.
J23: Find the following data of "Gitesh" using Vlookup.
J24: Name | K24: Gitesh
J26: Age | K26: =VLOOKUP(K24,A3:F18,2,FALSE) -> 34
J27: Salary | K27: =VLOOKUP(K24,A2:G18,3,FALSE) -> 85000
J28: City | K28: =VLOOKUP($K$24,A2:G18,6,FALSE) -> Indore
J29: Pass out Yr | K29: =VLOOKUP($K$24,A2:G18,5,FALSE) -> 2016

Sheet Hookup
A1: Name | B1: Ramesh | C1: Mahesh | D1: Suresh | E1: Jayesh | F1: Jitesh | G1: Gitesh | H1: kamlesh | I1: Hitesh | J1: Jay | K1: ajay | L1: Rajesh | M1: Sujay | N1: Sanjay | O1: Dhananjay | P1: Nirjay
A2: Age | B2: 21 | C2: 43 | D2: 32 | E2: 24 | F2: 43 | G2: 34 | H2: 32 | I2: 43 | J2: 23 | K2: 25 | L2: 28 | M2: 32 | N2: 43 | O2: 20 | P2: 37
A3: Salary | B3: 25800 | C3: 73000 | D3: 54999 | E3: 45969 | F3: 65999 | G3: 85000 | H3: 55869 | I3: 58399 | J3: 45858 | K3: 46899 | L3: 23500 | M3: 38000 | N3: 28500 | O3: 48800 | P3: 57300
A4: Pass Out Year | B4: 2016 | C4: 2014 | D4: 2016 | E4: 2017 | F4: 2014 | G4: 2016 | H4: 2016 | I4: 2014 | J4: 2019 | K4: 2019 | L4: 2016 | M4: 2014 | N4: 2019 | O4: 2019 | P4: 2014
A5: City | B5: Mumbai | C5: Udaipur | D5: Lucknow | E5: Surat | F5: Banaras | G5: Indore | H5: Mumbai | I5: Pune | J5: Bhopal | K5: Indore | L5: Jyotpur | M5: Ahmdabaad | N5: Surat | O5: Gorakhpur | P5: Pune
A6: State
B8: Go to "Data Set 1" and copy the entire data and paste by using Transpore property so the data should look like above.
B9: Remove the blank rows at once if any..
B10: Fill the State row use the "City_and_state" sheet while using loop.
B11: Select the entire range or dataset and Name it as a "Employee_2" from Name Box.
B13: Bold the headers and also make the background light blue.
B14: Give a border to the dataset or range.
B15: Change the font size of headers at once.
B16: Change the Data to there respected data-type of each column. (e.g. Name is should be "Text")
C17: Column | D17: Data Type
C18: Name | D18: Text
C19: Age | D19: Number | E19: (* with no decimal values)
C20: Salary | D20: Accounts
C21: City | D21: Text
C22: State | D22: Text
B24: Highlight the entire rows whose age is less then 30.
B26: Find the following data of "Gitesh" using Hlookup.
B27: Name | C27: Gitesh
B29: Age | C29: =HLOOKUP(C27,B1:P5,2,0) -> 34
B30: Salary | C30: =HLOOKUP(C27,A1:P6,3,FALSE) -> 85000
B31: City | C31: =HLOOKUP(C27,A1:P6,5,FALSE) -> Indore
B32: Pass out Yr | C32: =HLOOKUP(C27,A1:P6,4,FALSE) -> 2016

Sheet Sales_data_set
B2: Sales | C2: Commission % | D2: Rating | H2: Sales | J2: Commission % | K2: Rating
B3: 100000 | C3: =VLOOKUP(B3,$H$2:$K$8,3,TRUE) -> 0.02 | D3: =_xlfn.XLOOKUP(C3,$J$4:$J$8,$K$4:$K$8,0) -> 1 | H3: Min Range | I3: Max Range
B4: 120000 | C4: =VLOOKUP(B4,$H$2:$K$8,3,TRUE) -> 0.04 | D4: =_xlfn.XLOOKUP(C4,$J$4:$J$8,$K$4:$K$8,0) -> 2 | H4: 10000 | I4: 100000 | J4: 0.02 | K4: 1
B5: 50000 | C5: =VLOOKUP(B5,$H$2:$K$8,3,TRUE) -> 0.02 | D5: =_xlfn.XLOOKUP(C5,$J$4:$J$8,$K$4:$K$8,0) -> 1 | H5: 100001 | I5: 200000 | J5: 0.04 | K5: 2
B6: 90000 | C6: =VLOOKUP(B6,$H$2:$K$8,3,TRUE) -> 0.02 | D6: =_xlfn.XLOOKUP(C6,$J$4:$J$8,$K$4:$K$8,0) -> 1 | H6: 200001 | I6: 300000 | J6: 0.06 | K6: 3
B7: 800000 | C7: =VLOOKUP(B7,$H$2:$K$8,3,TRUE) -> 0.1 | D7: =_xlfn.XLOOKUP(C7,$J$4:$J$8,$K$4:$K$8,0) -> 5 | H7: 300001 | I7: 400000 | J7: 0.08 | K7: 4
B8: 200000 | C8: =VLOOKUP(B8,$H$2:$K$8,3,TRUE) -> 0.04 | D8: =_xlfn.XLOOKUP(C8,$J$4:$J$8,$K$4:$K$8,0) -> 2 | H8: 400001 | I8: Above | J8: 0.1 | K8: 5
B9: 80000 | C9: =VLOOKUP(B9,$H$2:$K$8,3,TRUE) -> 0.02 | D9: =_xlfn.XLOOKUP(C9,$J$4:$J$8,$K$4:$K$8,0) -> 1
B10: 90000 | C10: =VLOOKUP(B10,$H$2:$K$8,3,TRUE) -> 0.02 | D10: =_xlfn.XLOOKUP(C10,$J$4:$J$8,$K$4:$K$8,0) -> 1
B11: 400000 | C11: =VLOOKUP(B11,$H$2:$K$8,3,TRUE) -> 0.08 | D11: =_xlfn.XLOOKUP(C11,$J$4:$J$8,$K$4:$K$8,0) -> 4 | H11: Use lookups.
B12: 300000 | C12: =VLOOKUP(B12,$H$2:$K$8,3,TRUE) -> 0.06 | D12: =_xlfn.XLOOKUP(C12,$J$4:$J$8,$K$4:$K$8,0) -> 3 | H12: Base on sales range commission % and rating are give use above table and fill the data.
B13: 450000 | C13: =VLOOKUP(B13,$H$2:$K$8,3,TRUE) -> 0.1 | D13: =_xlfn.XLOOKUP(C13,$J$4:$J$8,$K$4:$K$8,0) -> 5
B14: 300000 | C14: =VLOOKUP(B14,$H$2:$K$8,3,TRUE) -> 0.06 | D14: =_xlfn.XLOOKUP(C14,$J$4:$J$8,$K$4:$K$8,0) -> 3
B15: 400000 | C15: =VLOOKUP(B15,$H$2:$K$8,3,TRUE) -> 0.08 | D15: =_xlfn.XLOOKUP(C15,$J$4:$J$8,$K$4:$K$8,0) -> 4
B16: 500000 | C16: =VLOOKUP(B16,$H$2:$K$8,3,TRUE) -> 0.1 | D16: =_xlfn.XLOOKUP(C16,$J$4:$J$8,$K$4:$K$8,0) -> 5
B17: 900000 | C17: =VLOOKUP(B17,$H$2:$K$8,3,TRUE) -> 0.1 | D17: =_xlfn.XLOOKUP(C17,$J$4:$J$8,$K$4:$K$8,0) -> 5
B18: 400000 | C18: =VLOOKUP(B18,$H$2:$K$8,3,TRUE) -> 0.08 | D18: =_xlfn.XLOOKUP(C18,$J$4:$J$8,$K$4:$K$8,0) -> 4
B21: Sales | C21: Commission % | D21: Rating | H21: Sales | I21: Min Range | J21: 10000 | K21: 100001 | L21: 200001 | M21: 300001 | N21: 400001
B22: 100000 | C22: =HLOOKUP(B22,$H$21:$N$24,3,TRUE) -> 0.02 | D22: =HLOOKUP(C22,$H$23:$N$24,2,FALSE) -> 1 | I22: Max Range | J22: 100000 | K22: 200000 | L22: 300000 | M22: 400000 | N22: Above
B23: 120000 | C23: =HLOOKUP(B23,$H$21:$N$24,3,TRUE) -> 0.04 | D23: =HLOOKUP(C23,$H$23:$N$24,2,FALSE) -> 2 | H23: Commission % | J23: 0.02 | K23: 0.04 | L23: 0.06 | M23: 0.08 | N23: 0.1
B24: 50000 | C24: =HLOOKUP(B24,$H$21:$N$24,3,TRUE) -> 0.02 | D24: =HLOOKUP(C24,$H$23:$N$24,2,FALSE) -> 1 | H24: Rating | J24: 1 | K24: 2 | L24: 3 | M24: 4 | N24: 5
B25: 90000 | C25: =HLOOKUP(B25,$H$21:$N$24,3,TRUE) -> 0.02 | D25: =HLOOKUP(C25,$H$23:$N$24,2,FALSE) -> 1
B26: 800000 | C26: =HLOOKUP(B26,$H$21:$N$24,3,TRUE) -> 0.1 | D26: =HLOOKUP(C26,$H$23:$N$24,2,FALSE) -> 5
B27: 200000 | C27: =HLOOKUP(B27,$H$21:$N$24,3,TRUE) -> 0.04 | D27: =HLOOKUP(C27,$H$23:$N$24,2,FALSE) -> 2 | H27: Use Hlookup and fill the data.
B28: 80000 | C28: =HLOOKUP(B28,$H$21:$N$24,3,TRUE) -> 0.02 | D28: =HLOOKUP(C28,$H$23:$N$24,2,FALSE) -> 1
B29: 90000 | C29: =HLOOKUP(B29,$H$21:$N$24,3,TRUE) -> 0.02 | D29: =HLOOKUP(C29,$H$23:$N$24,2,FALSE) -> 1
B30: 400000 | C30: =HLOOKUP(B30,$H$21:$N$24,3,TRUE) -> 0.08 | D30: =HLOOKUP(C30,$H$23:$N$24,2,FALSE) -> 4
B31: 300000 | C31: =HLOOKUP(B31,$H$21:$N$24,3,TRUE) -> 0.06 | D31: =HLOOKUP(C31,$H$23:$N$24,2,FALSE) -> 3
B32: 450000 | C32: =HLOOKUP(B32,$H$21:$N$24,3,TRUE) -> 0.1 | D32: =HLOOKUP(C32,$H$23:$N$24,2,FALSE) -> 5
B33: 300000 | C33: =HLOOKUP(B33,$H$21:$N$24,3,TRUE) -> 0.06 | D33: =HLOOKUP(C33,$H$23:$N$24,2,FALSE) -> 3
B34: 400000 | C34: =HLOOKUP(B34,$H$21:$N$24,3,TRUE) -> 0.08 | D34: =HLOOKUP(C34,$H$23:$N$24,2,FALSE) -> 4
B35: 500000 | C35: =HLOOKUP(B35,$H$21:$N$24,3,TRUE) -> 0.1 | D35: =HLOOKUP(C35,$H$23:$N$24,2,FALSE) -> 5
B36: 900000 | C36: =HLOOKUP(B36,$H$21:$N$24,3,TRUE) -> 0.1 | D36: =HLOOKUP(C36,$H$23:$N$24,2,FALSE) -> 5
B37: 400000 | C37: =HLOOKUP(B37,$H$21:$N$24,3,TRUE) -> 0.08 | D37: =HLOOKUP(C37,$H$23:$N$24,2,FALSE) -> 4

Sheet Cansolidate Ans
A3: Find the total sales of each product from year 17-16 to 19-18 | G3: Find the min sales of each product from year 17-16 to 19-20
A4: Product | B4: Q1 | C4: Q2 | D4: Q3 | E4: Q4 | G4: Product | H4: Q1 | I4: Q2 | J4: Q3 | K4: Q4
A5: Laptop | B5: 150000 | C5: 200010 | D5: 400000 | E5: 770000 | G5: Laptop | H5: 50000 | I5: 100005 | J5: 200000 | K5: 320000
A6: Mobile | B6: 400000 | C6: 670000 | D6: 600000 | E6: 1100000 | G6: Mobile | H6: 200000 | I6: 320000 | J6: 300000 | K6: 400000
A7: Washing Machine | B7: 250000 | C7: 310002 | D7: 330000 | E7: 350006 | G7: Washing Machine | H7: 100000 | I7: 150001 | J7: 150000 | K7: 170003
A8: Smart Watches | B8: 40000 | C8: 120002 | D8: 70012 | E8: 130014 | G8: Smart Watches | H8: 20000 | I8: 50001 | J8: 30006 | K8: 60007
A9: Tabs | B9: 170000 | C9: 200002 | D9: 260004 | E9: 180006 | G9: Tabs | H9: 70000 | I9: 100001 | J9: 80002 | K9: 85003
A10: Smart Pens | B10: 40000 | C10: 59002 | D10: 70004 | E10: 76006 | G10: Smart Pens | H10: 20000 | I10: 24001 | J10: 35002 | K10: 33003
A12: Find the max sales of each product from year 17-16 to 19-19 | G12: Find the average sales of each product from year 17-16 to 19-21
A13: Product | B13: Q1 | C13: Q2 | D13: Q3 | E13: Q4 | G13: Product | H13: Q1 | I13: Q2 | J13: Q3 | K13: Q4
A14: Laptop | B14: 100000 | C14: 100005 | D14: 200000 | E14: 450000 | G14: Laptop | H14: 116666.67 | I14: 133338.33 | J14: 266666.67 | K14: 396666.67
A15: Mobile | B15: 200000 | C15: 350000 | D15: 300000 | E15: 700000 | G15: Mobile | H15: 233333.33 | I15: 340000 | J15: 266666.67 | K15: 533333.33
A16: Washing Machine | B16: 150000 | C16: 160001 | D16: 180000 | E16: 180003 | G16: Washing Machine | H16: 123333.33 | I16: 143334.33 | J16: 160000 | K16: 170003
A17: Smart Watches | B17: 20000 | C17: 70001 | D17: 40006 | E17: 70007 | G17: Smart Watches | H17: 26666.667 | I17: 56667.667 | J17: 36672.667 | K17: 63340.333
A18: Tabs | B18: 100000 | C18: 100001 | D18: 180002 | E18: 95003 | G18: Tabs | H18: 86666.667 | I18: 100001 | J18: 113335.33 | K18: 88336.333
A19: Smart Pens | B19: 20000 | C19: 35001 | D19: 35002 | E19: 43003 | G19: Smart Pens | H19: 21000 | I19: 28001 | J19: 31668.667 | K19: 36336.333

Sheet Cansolidate
A2: Use the consolidate . | F2: Use the consolidate .
A3: Find the total sales of each product from year 17-16 to 19-18 | D3: (i.e. from Cansole 1 to 3) | F3: Find the total sales of each product from year 17-16 to 19-18
A4: Find the max sales of each product from year 17-16 to 19-19 | F4: Find the max sales of each product from year 17-16 to 19-19
A5: Find the min sales of each product from year 17-16 to 19-20 | F5: Find the min sales of each product from year 17-16 to 19-20
A6: Find the average sales of each product from year 17-16 to 19-21 | F6: Find the average sales of each product from year 17-16 to 19-21
A8: Note: | B8: In output header row and Product column should be there. | F8: Note: | G8: In output header row and Product column should be there.
B9: If there will be any change in main data there should not be change in consolidated data. | G9: If there will be any change in main data set change should be reflected in consolidated data.
A11: Hint* : | B11: Will have 4 different table for each Question.

Sheet Match
A1: Sales of Finacial Year 2018-19 | H1: Questipn | M1: Ans
A2: Product | B2: Q1 | C2: Q2 | D2: Q3 | E2: Q4 | H2: What is the Column Number of Q1. | M2: B
A3: Laptop | B3: 100000 | C3: 100005 | D3: 200000 | E3: 320000 | H3: What is the column number of Smart Watches. | M3: A6
A4: Mobile | B4: 200000 | C4: 320000 | D4: 300000 | E4: 700000 | H4: What is the column number of Q4. | M4: E
A5: Washing Machine | B5: 100000 | C5: 150001 | D5: 150000 | E5: 180003 | H5: What is the row number of 43,003. | M5: E8
A6: Smart Watches | B6: 20000 | C6: 50001 | D6: 30006 | E6: 70007 | H6: What is the row number of Q4. | M6: E2
A7: Tabs | B7: 100000 | C7: 100001 | D7: 80002 | E7: 95003
A8: Smart Pens | B8: 20000 | C8: 35001 | D8: 35002 | E8: 43003

Sheet cansole1
A1: Sales of Finacial Year 2019-20
A2: Product | B2: Q1 | C2: Q2 | D2: Q3 | E2: Q4
A3: Laptop | B3: 200000 | C3: 200005 | D3: 400000 | E3: 420000
A4: Mobile | B4: 300000 | C4: 350000 | D4: 200000 | E4: 500000
A5: Washing Machine | B5: 120000 | C5: 120001 | D5: 150000 | E5: 160003
A6: Smart Watches | B6: 40000 | C6: 50001 | D6: 40006 | E6: 60007
A7: Tabs | B7: 90000 | C7: 100001 | D7: 80002 | E7: 85003
A8: Smart Pens | B8: 23000 | C8: 25001 | D8: 25002 | E8: 33003

Sheet cansole2
A1: Sales of Finacial Year 2018-19
A2: Product | B2: Q1 | C2: Q2 | D2: Q3 | E2: Q4
A3: Laptop | B3: 100000 | C3: 100005 | D3: 200000 | E3: 320000
A4: Mobile | B4: 200000 | C4: 320000 | D4: 300000 | E4: 700000
A5: Washing Machine | B5: 100000 | C5: 150001 | D5: 150000 | E5: 180003
A6: Smart Watches | B6: 20000 | C6: 50001 | D6: 30006 | E6: 70007
A7: Tabs | B7: 100000 | C7: 100001 | D7: 80002 | E7: 95003
A8: Smart Pens | B8: 20000 | C8: 35001 | D8: 35002 | E8: 43003

Sheet cansole3
A1: Sales of Finacial Year 2017-16
A2: Product | B2: Q1 | C2: Q2 | D2: Q3 | E2: Q4
A3: Laptop | B3: 50000 | C3: 100005 | D3: 200000 | E3: 450000
A4: Mobile | B4: 200000 | C4: 350000 | D4: 300000 | E4: 400000
A5: Washing Machine | B5: 150000 | C5: 160001 | D5: 180000 | E5: 170003
A6: Smart Watches | B6: 20000 | C6: 70001 | D6: 40006 | E6: 60007
A7: Tabs | B7: 70000 | C7: 100001 | D7: 180002 | E7: 85003
A8: Smart Pens | B8: 20000 | C8: 24001 | D8: 35002 | E8: 33003
